{
  "type":"answer",
  "contents": [
    {
      "questionId":"001",
      "type":"showResult",
      "showTime":"10"
    },
    {
      "questionId":"002",
      "type":"showResult",
      "showTime":"10"
    },
    {
      "questionId":"003",
      "type":"showResult",
      "showTime":"10"
    },
    {
      "questionId":"004",
      "type":"showResult",
      "showTime":"10"
    },
    {
      "questionId":"005",
      "type":"showResult",
      "showTime":"10"
    },
    {
      "questionId":"006",
      "type":"showResult",
      "showTime":"10"
    },
    {
      "questionId":"007",
      "type":"showResult",
      "showTime":"10"
    },
    {
      "questionId":"008",
      "type":"showResult",
      "showTime":"10"
    },
    {
      "questionId":"009",
      "type":"showResult",
      "showTime":"10"
    },
    {
      "questionId":"010",
      "type":"showResult",
      "showTime":"10"
    },
    {
      "questionId":"011",
      "type":"showResult",
      "showTime":"10"
    },
    {
      "questionId":"012",
      "type":"showResult",
      "showTime":"10"
    }
  ]
}
