{
  "type":"question",
  "contents": [
    {
      "questionId":"001",
      "type":"startAnswer",
      "content":"小明在银行存了定期的十万元，一年之后他取出了十万一千元，多出的这一千元是什么？"
    },
    {
      "questionId":"002",
      "type":"startAnswer",
      "content":"我们会用哪种动物的行走姿态来形容模特的专业步法?"
    },
    {
      "questionId":"003",
      "type":"startAnswer",
      "content":"停车场开走了五辆车，又开来了两辆车，还剩三辆车，请问原本有几辆车？"
    },
    {
      "questionId":"004",
      "type":"startAnswer",
      "content":"如果想观看广州恒大与北京国安之间的足球比赛，你应该选择哪个联赛？"
    },
    {
      "questionId":"005",
      "type":"startAnswer",
      "content":"滚筒洗衣机的脱水作用是利用了哪种力？"
    },
    {
      "questionId":"006",
      "type":"startAnswer",
      "content":"下列哪个选项是东南亚国家？"
    },
    {
      "questionId":"007",
      "type":"startAnswer",
      "content":"下列哪个省的简称，笔画最多？"
    },
    {
      "questionId":"008",
      "type":"startAnswer",
      "content":"与“风车”“郁金香”等并称为荷兰四宝的是下列哪一项？"
    },
    {
      "questionId":"009",
      "type":"startAnswer",
      "content":"写下\"驿外断桥边，寂寞开无主\"的作者也写了下面哪首诗？"
    },
    {
      "questionId":"010",
      "type":"startAnswer",
      "content":"下面哪个理论与爱因斯坦无关？"
    },
    {
      "questionId":"011",
      "type":"startAnswer",
      "content":"歌曲《爱的代价》原本是李宗盛写给他的哪位亲人？"
    },
    {
      "questionId":"012",
      "type":"startAnswer",
      "content":"下列哪部影片获得了美国金球奖，却与奥斯卡金像奖失之交臂？"
    }
  ]
}
